date,temperature
1880-01-01,-0.53
1880-02-01,-0.07
1880-03-01,0.01
1880-04-01,-0.12
1880-05-01,-0.72
1880-06-01,-0.16
1880-07-01,-0.14
1880-08-01,-0.41
1880-09-01,-0.79
1880-10-01,-0.58
1880-11-01,-0.58
1880-12-01,-0.49
1881-01-01,-0.58
1881-02-01,0.06
1881-03-01,-0.04
1881-04-01,-0.41
1881-05-01,-0.25
1881-06-01,-0.25
1881-07-01,-0.22
1881-08-01,-0.73
1881-09-01,-0.61
1881-10-01,-1.06
1881-11-01,-0.77
1881-12-01,-0.43
1882-01-01,-0.29
1882-02-01,-0.48
1882-03-01,0.19
1882-04-01,-0.41
1882-05-01,-0.11
1882-06-01,-0.5
1882-07-01,-0.55
1882-08-01,-0.62
1882-09-01,-0.43
1882-10-01,-0.72
1882-11-01,-0.35
1882-12-01,-0.58
1883-01-01,-0.46
1883-02-01,-0.55
1883-03-01,-0.21
1883-04-01,-0.29
1883-05-01,-0.1
1883-06-01,-0.37
1883-07-01,-0.44
1883-08-01,-0.27
1883-09-01,-0.37
1883-10-01,-0.75
1883-11-01,-0.55
1883-12-01,-0.74
1884-01-01,-0.57
1884-02-01,-0.16
1884-03-01,0.14
1884-04-01,-0.19
1884-05-01,-0.28
1884-06-01,-0.39
1884-07-01,-0.46
1884-08-01,-0.78
1884-09-01,-0.88
1884-10-01,-0.54
1884-11-01,-0.26
1884-12-01,-0.18
1885-01-01,-0.05
1885-02-01,-0.36
1885-03-01,-0.41
1885-04-01,-0.62
1885-05-01,0.12
1885-06-01,-0.22
1885-07-01,-0.27
1885-08-01,-0.47
1885-09-01,-0.66
1885-10-01,-0.56
1885-11-01,-0.65
1885-12-01,-0.63
1886-01-01,-0.52
1886-02-01,-0.19
1886-03-01,-0.63
1886-04-01,-0.21
1886-05-01,-0.2
1886-06-01,-0.3
1886-07-01,-0.38
1886-08-01,-0.76
1886-09-01,-0.56
1886-10-01,-1.18
1886-11-01,-0.75
1886-12-01,-0.59
1887-01-01,-0.32
1887-02-01,-0.47
1887-03-01,-0.07
1887-04-01,-0.34
1887-05-01,0.15
1887-06-01,-0.23
1887-07-01,-0.31
1887-08-01,-0.65
1887-09-01,-0.44
1887-10-01,-0.72
1887-11-01,-0.86
1887-12-01,-0.59
1888-01-01,-0.38
1888-02-01,-0.09
1888-03-01,-0.18
1888-04-01,-0.46
1888-05-01,-0.22
1888-06-01,-0.43
1888-07-01,-0.47
1888-08-01,-0.45
1888-09-01,-0.25
1888-10-01,-0.49
1888-11-01,-0.61
1888-12-01,-0.45
1889-01-01,-0.46
1889-02-01,-0.3
1889-03-01,-0.6
1889-04-01,-0.06
1889-05-01,-0.15
1889-06-01,-0.1
1889-07-01,-0.3
1889-08-01,-0.34
1889-09-01,-0.87
1889-10-01,-0.68
1889-11-01,-0.64
1889-12-01,-0.62
1890-01-01,-0.69
1890-02-01,-0.3
1890-03-01,0.14
1890-04-01,-0.01
1890-05-01,-0.3
1890-06-01,-0.12
1890-07-01,-0.07
1890-08-01,-0.39
1890-09-01,-1.01
1890-10-01,-0.67
1890-11-01,-0.62
1890-12-01,-0.99
1891-01-01,-0.61
1891-02-01,-0.58
1891-03-01,-0.09
1891-04-01,-0.31
1891-05-01,-0.09
1891-06-01,0.07
1891-07-01,-0.71
1891-08-01,-0.96
1891-09-01,-0.5
1891-10-01,-0.86
1891-11-01,-0.29
1891-12-01,-0.43
1892-01-01,-0.06
1892-02-01,-0.33
1892-03-01,0.13
1892-04-01,-0.08
1892-05-01,-0.44
1892-06-01,-0.41
1892-07-01,-0.58
1892-08-01,-0.4
1892-09-01,-0.37
1892-10-01,-0.82
1892-11-01,-0.39
1892-12-01,-1.17
1893-01-01,-0.34
1893-02-01,-0.26
1893-03-01,-0.26
1893-04-01,-0.28
1893-05-01,-0.28
1893-06-01,-0.29
1893-07-01,-0.18
1893-08-01,-0.54
1893-09-01,-0.5
1893-10-01,-0.78
1893-11-01,-0.9
1893-12-01,-0.75
1894-01-01,-0.23
1894-02-01,-0.34
1894-03-01,-0.09
1894-04-01,-0.41
1894-05-01,0.21
1894-06-01,0.03
1894-07-01,-0.48
1894-08-01,-0.71
1894-09-01,-0.79
1894-10-01,-0.52
1894-11-01,-0.81
1894-12-01,-0.62
1895-01-01,-0.41
1895-02-01,-0.48
1895-03-01,-0.17
1895-04-01,0.05
1895-05-01,-0.15
1895-06-01,-0.21
1895-07-01,-0.25
1895-08-01,-0.28
1895-09-01,-0.68
1895-10-01,-0.82
1895-11-01,-0.84
1895-12-01,-0.45
1896-01-01,-0.44
1896-02-01,-0.06
1896-03-01,-0.52
1896-04-01,-0.45
1896-05-01,0.25
1896-06-01,-0.14
1896-07-01,-0.36
1896-08-01,-0.5
1896-09-01,-0.86
1896-10-01,-0.21
1896-11-01,-0.37
1896-12-01,-0.19
1897-01-01,-0.27
1897-02-01,-0.43
1897-03-01,-0.1
1897-04-01,0.43
1897-05-01,0.03
1897-06-01,0.04
1897-07-01,-0.15
1897-08-01,-0.82
1897-09-01,-0.77
1897-10-01,-0.57
1897-11-01,-0.51
1897-12-01,-0.68
1898-01-01,-0.4
1898-02-01,-0.35
1898-03-01,-0.34
1898-04-01,0.18
1898-05-01,-0.14
1898-06-01,-0.13
1898-07-01,-0.31
1898-08-01,-0.44
1898-09-01,-0.78
1898-10-01,-0.31
1898-11-01,-0.44
1898-12-01,-0.76
1899-01-01,-0.36
1899-02-01,0.05
1899-03-01,-0.09
1899-04-01,0.2
1899-05-01,-0.06
1899-06-01,-0.13
1899-07-01,-0.33
1899-08-01,-0.38
1899-09-01,-0.57
1899-10-01,-0.52
1899-11-01,-0.42
1899-12-01,-0.69
1900-01-01,-0.41
1900-02-01,-0.12
1900-03-01,-0.06
1900-04-01,0.32
1900-05-01,0.18
1900-06-01,-0.59
1900-07-01,-0.41
1900-08-01,-0.41
1900-09-01,-0.71
1900-10-01,-0.45
1900-11-01,-0.46
1900-12-01,-0.69
1901-01-01,-0.33
1901-02-01,-0.37
1901-03-01,0.03
1901-04-01,-0.11
1901-05-01,-0.01
1901-06-01,-0.09
1901-07-01,-0.15
1901-08-01,-0.54
1901-09-01,-0.56
1901-10-01,-0.72
1901-11-01,-0.51
1901-12-01,-0.72
1902-01-01,-0.24
1902-02-01,0.12
1902-03-01,0.01
1902-04-01,0.44
1902-05-01,0.31
1902-06-01,-0.15
1902-07-01,-0.36
1902-08-01,-0.41
1902-09-01,-0.67
1902-10-01,-0.57
1902-11-01,-0.85
1902-12-01,-0.29
1903-01-01,-0.24
1903-02-01,-0.02
1903-03-01,-0.28
1903-04-01,0.12
1903-05-01,0.05
1903-06-01,0.01
1903-07-01,-0.29
1903-08-01,-0.51
1903-09-01,-0.49
1903-10-01,-0.43
1903-11-01,-0.79
1903-12-01,-0.54
1904-01-01,0.04
1904-02-01,0.14
1904-03-01,-0.5
1904-04-01,-0.07
1904-05-01,0.15
1904-06-01,-0.45
1904-07-01,-0.68
1904-08-01,-0.22
1904-09-01,-0.53
1904-10-01,-0.66
1904-11-01,-0.3
1904-12-01,-0.06
1905-01-01,-0.66
1905-02-01,-0.13
1905-03-01,-0.05
1905-04-01,-0.25
1905-05-01,0.48
1905-06-01,-0.09
1905-07-01,-0.27
1905-08-01,-0.33
1905-09-01,-0.27
1905-10-01,-0.64
1905-11-01,-0.44
1905-12-01,-0.49
1906-01-01,-0.37
1906-02-01,-0.14
1906-03-01,-0.54
1906-04-01,-0.21
1906-05-01,0.26
1906-06-01,0.1
1906-07-01,-0.37
1906-08-01,0.07
1906-09-01,-0.58
1906-10-01,-0.55
1906-11-01,-0.65
1906-12-01,-0.83
1907-01-01,-0.24
1907-02-01,0.28
1907-03-01,-0.1
1907-04-01,0.36
1907-05-01,0.24
1907-06-01,-0.14
1907-07-01,-0.22
1907-08-01,0.01
1907-09-01,-0.7
1907-10-01,-0.65
1907-11-01,-0.28
1907-12-01,-0.49
1908-01-01,-0.14
1908-02-01,-0.07
1908-03-01,-0.19
1908-04-01,-0.16
1908-05-01,0.17
1908-06-01,-0.2
1908-07-01,-0.02
1908-08-01,-0.16
1908-09-01,-0.77
1908-10-01,-0.76
1908-11-01,-0.44
1908-12-01,-0.49
1909-01-01,-0.13
1909-02-01,-0.19
1909-03-01,-0.1
1909-04-01,0.25
1909-05-01,0.07
1909-06-01,0.11
1909-07-01,-0.16
1909-08-01,-0.07
1909-09-01,-0.51
1909-10-01,-0.32
1909-11-01,-0.34
1909-12-01,-0.31
1910-01-01,-0.27
1910-02-01,-0.17
1910-03-01,0.19
1910-04-01,-0.11
1910-05-01,0.08
1910-06-01,0.42
1910-07-01,0.06
1910-08-01,-0.37
1910-09-01,-0.23
1910-10-01,-0.56
1910-11-01,-0.27
1910-12-01,-0.34
1911-01-01,0.07
1911-02-01,-0.04
1911-03-01,-0.01
1911-04-01,-0.1
1911-05-01,0.07
1911-06-01,0.15
1911-07-01,0.15
1911-08-01,-0.15
1911-09-01,-0.52
1911-10-01,-0.45
1911-11-01,-0.6
1911-12-01,-0.78
1912-01-01,-0.24
1912-02-01,-0.15
1912-03-01,0.27
1912-04-01,-0.15
1912-05-01,-0.03
1912-06-01,-0.21
1912-07-01,-0.24
1912-08-01,-0.14
1912-09-01,-0.32
1912-10-01,-0.59
1912-11-01,-0.38
1912-12-01,-0.12
1913-01-01,-0.29
1913-02-01,-0.37
1913-03-01,-0.15
1913-04-01,-0.07
1913-05-01,0.17
1913-06-01,-0.33
1913-07-01,-0.22
1913-08-01,-0.61
1913-09-01,-0.24
1913-10-01,-0.45
1913-11-01,-0.5
1913-12-01,-0.62
1914-01-01,0.14
1914-02-01,-0.29
1914-03-01,-0.04
1914-04-01,0.32
1914-05-01,-0.16
1914-06-01,0.05
1914-07-01,-0.06
1914-08-01,-0.17
1914-09-01,-0.16
1914-10-01,-0.3
1914-11-01,-0.28
1914-12-01,-0.06
1915-01-01,-0.13
1915-02-01,-0.21
1915-03-01,0.27
1915-04-01,-0.26
1915-05-01,0.41
1915-06-01,-0.1
1915-07-01,-0.05
1915-08-01,-0.27
1915-09-01,-0.34
1915-10-01,-0.18
1915-11-01,-0.22
1915-12-01,-0.37
1916-01-01,0.08
1916-02-01,0.22
1916-03-01,-0.27
1916-04-01,0.0
1916-05-01,0.31
1916-06-01,-0.04
1916-07-01,-0.22
1916-08-01,-0.55
1916-09-01,-0.35
1916-10-01,-0.53
1916-11-01,-0.48
1916-12-01,-0.64
1917-01-01,-0.47
1917-02-01,0.07
1917-03-01,-0.05
1917-04-01,0.21
1917-05-01,0.07
1917-06-01,0.21
1917-07-01,-0.26
1917-08-01,-0.49
1917-09-01,-0.34
1917-10-01,-0.64
1917-11-01,-0.36
1917-12-01,-0.16
1918-01-01,-0.1
1918-02-01,0.16
1918-03-01,-0.26
1918-04-01,-0.08
1918-05-01,0.27
1918-06-01,0.01
1918-07-01,-0.03
1918-08-01,-0.28
1918-09-01,-0.12
1918-10-01,-0.29
1918-11-01,-0.63
1918-12-01,-0.62
1919-01-01,0.06
1919-02-01,0.07
1919-03-01,-0.22
1919-04-01,0.06
1919-05-01,0.08
1919-06-01,0.05
1919-07-01,0.18
1919-08-01,-0.46
1919-09-01,-0.21
1919-10-01,-0.29
1919-11-01,-0.36
1919-12-01,-0.25
1920-01-01,-0.15
1920-02-01,0.23
1920-03-01,0.23
1920-04-01,0.07
1920-05-01,-0.03
1920-06-01,-0.29
1920-07-01,-0.04
1920-08-01,-0.07
1920-09-01,-0.07
1920-10-01,-0.75
1920-11-01,-0.46
1920-12-01,-0.01
1921-01-01,0.06
1921-02-01,-0.02
1921-03-01,0.09
1921-04-01,0.19
1921-05-01,-0.03
1921-06-01,-0.03
1921-07-01,-0.06
1921-08-01,-0.16
1921-09-01,-0.17
1921-10-01,-0.34
1921-11-01,-0.6
1921-12-01,-0.46
1922-01-01,0.08
1922-02-01,0.07
1922-03-01,0.08
1922-04-01,0.13
1922-05-01,0.11
1922-06-01,-0.04
1922-07-01,-0.33
1922-08-01,-0.31
1922-09-01,-0.19
1922-10-01,-0.54
1922-11-01,-0.5
1922-12-01,-0.46
1923-01-01,-0.06
1923-02-01,0.28
1923-03-01,0.26
1923-04-01,0.28
1923-05-01,0.41
1923-06-01,0.1
1923-07-01,-0.05
1923-08-01,-0.06
1923-09-01,-1.07
1923-10-01,-0.12
1923-11-01,-0.39
1923-12-01,-0.24
1924-01-01,-0.15
1924-02-01,-0.12
1924-03-01,0.29
1924-04-01,0.07
1924-05-01,0.14
1924-06-01,-0.09
1924-07-01,-0.29
1924-08-01,0.07
1924-09-01,-0.57
1924-10-01,-0.44
1924-11-01,-0.27
1924-12-01,-0.24
1925-01-01,0.11
1925-02-01,0.2
1925-03-01,0.12
1925-04-01,0.51
1925-05-01,0.27
1925-06-01,0.2
1925-07-01,-0.19
1925-08-01,0.07
1925-09-01,-0.88
1925-10-01,-0.65
1925-11-01,-0.37
1925-12-01,-0.75
1926-01-01,-0.05
1926-02-01,-0.01
1926-03-01,0.27
1926-04-01,0.25
1926-05-01,0.32
1926-06-01,0.01
1926-07-01,-0.11
1926-08-01,-0.1
1926-09-01,-0.58
1926-10-01,-0.35
1926-11-01,0.15
1926-12-01,-0.27
1927-01-01,0.03
1927-02-01,0.35
1927-03-01,0.2
1927-04-01,0.19
1927-05-01,0.06
1927-06-01,0.14
1927-07-01,0.19
1927-08-01,-0.25
1927-09-01,-0.18
1927-10-01,-0.06
1927-11-01,-0.42
1927-12-01,-0.3
1928-01-01,0.25
1928-02-01,0.14
1928-03-01,0.34
1928-04-01,0.05
1928-05-01,0.3
1928-06-01,0.3
1928-07-01,0.01
1928-08-01,-0.39
1928-09-01,-0.12
1928-10-01,-0.18
1928-11-01,-0.11
1928-12-01,-0.21
1929-01-01,-0.04
1929-02-01,-0.08
1929-03-01,0.52
1929-04-01,0.2
1929-05-01,0.05
1929-06-01,-0.12
1929-07-01,-0.35
1929-08-01,-0.47
1929-09-01,-0.18
1929-10-01,-0.23
1929-11-01,-0.15
1929-12-01,-0.28
1930-01-01,0.16
1930-02-01,0.16
1930-03-01,0.35
1930-04-01,0.51
1930-05-01,0.27
1930-06-01,-0.0
1930-07-01,0.16
1930-08-01,-0.43
1930-09-01,-0.17
1930-10-01,-0.25
1930-11-01,-0.45
1930-12-01,-0.49
1931-01-01,0.13
1931-02-01,0.44
1931-03-01,-0.1
1931-04-01,0.28
1931-05-01,0.67
1931-06-01,0.12
1931-07-01,-0.06
1931-08-01,0.04
1931-09-01,-0.58
1931-10-01,0.0
1931-11-01,-0.13
1931-12-01,-0.34
1932-01-01,-0.4
1932-02-01,0.07
1932-03-01,0.29
1932-04-01,0.28
1932-05-01,-0.09
1932-06-01,-0.03
1932-07-01,0.13
1932-08-01,-0.16
1932-09-01,-0.22
1932-10-01,-0.48
1932-11-01,-0.28
1932-12-01,0.06
1933-01-01,0.25
1933-02-01,0.38
1933-03-01,0.05
1933-04-01,0.32
1933-05-01,0.21
1933-06-01,0.3
1933-07-01,-0.25
1933-08-01,-0.28
1933-09-01,-0.25
1933-10-01,-0.44
1933-11-01,-0.21
1933-12-01,-0.03
1934-01-01,0.1
1934-02-01,0.05
1934-03-01,0.09
1934-04-01,0.27
1934-05-01,0.21
1934-06-01,0.25
1934-07-01,0.21
1934-08-01,-0.45
1934-09-01,-0.16
1934-10-01,0.09
1934-11-01,0.09
1934-12-01,-0.37
1935-01-01,0.06
1935-02-01,-0.14
1935-03-01,0.09
1935-04-01,0.66
1935-05-01,0.37
1935-06-01,0.56
1935-07-01,-0.15
1935-08-01,-0.1
1935-09-01,-0.41
1935-10-01,-0.41
1935-11-01,0.05
1935-12-01,-0.43
1936-01-01,0.18
1936-02-01,0.05
1936-03-01,0.19
1936-04-01,0.15
1936-05-01,0.6
1936-06-01,0.03
1936-07-01,-0.05
1936-08-01,-0.08
1936-09-01,-0.16
1936-10-01,-0.18
1936-11-01,-0.3
1936-12-01,-0.19
1937-01-01,0.24
1937-02-01,0.51
1937-03-01,-0.07
1937-04-01,0.01
1937-05-01,0.3
1937-06-01,0.4
1937-07-01,0.05
1937-08-01,-0.31
1937-09-01,-0.35
1937-10-01,-0.07
1937-11-01,-0.24
1937-12-01,-0.24
1938-01-01,-0.07
1938-02-01,0.33
1938-03-01,0.69
1938-04-01,0.1
1938-05-01,0.21
1938-06-01,0.01
1938-07-01,0.52
1938-08-01,-0.14
1938-09-01,-0.22
1938-10-01,-0.41
1938-11-01,0.0
1938-12-01,-0.08
1939-01-01,0.18
1939-02-01,0.22
1939-03-01,0.71
1939-04-01,0.19
1939-05-01,0.55
1939-06-01,0.14
1939-07-01,0.07
1939-08-01,-0.3
1939-09-01,-0.06
1939-10-01,-0.12
1939-11-01,-0.23
1939-12-01,-0.15
1940-01-01,0.17
1940-02-01,0.45
1940-03-01,0.43
1940-04-01,0.54
1940-05-01,0.05
1940-06-01,0.48
1940-07-01,-0.05
1940-08-01,0.04
1940-09-01,-0.08
1940-10-01,0.09
1940-11-01,0.19
1940-12-01,0.18
1941-01-01,0.49
1941-02-01,0.59
1941-03-01,0.77
1941-04-01,0.77
1941-05-01,0.5
1941-06-01,0.03
1941-07-01,0.36
1941-08-01,-0.36
1941-09-01,-0.13
1941-10-01,-0.43
1941-11-01,-0.27
1941-12-01,0.04
1942-01-01,0.48
1942-02-01,0.14
1942-03-01,0.6
1942-04-01,0.74
1942-05-01,0.43
1942-06-01,-0.14
1942-07-01,-0.14
1942-08-01,-0.23
1942-09-01,-0.28
1942-10-01,-0.35
1942-11-01,0.09
1942-12-01,0.02
1943-01-01,0.28
1943-02-01,0.41
1943-03-01,0.48
1943-04-01,0.52
1943-05-01,0.12
1943-06-01,0.08
1943-07-01,0.33
1943-08-01,-0.17
1943-09-01,-0.09
1943-10-01,0.24
1943-11-01,-0.0
1943-12-01,0.08
1944-01-01,-0.23
1944-02-01,0.24
1944-03-01,0.59
1944-04-01,0.25
1944-05-01,0.21
1944-06-01,0.25
1944-07-01,0.53
1944-08-01,-0.1
1944-09-01,0.17
1944-10-01,-0.36
1944-11-01,-0.1
1944-12-01,0.05
1945-01-01,-0.04
1945-02-01,0.06
1945-03-01,0.17
1945-04-01,0.9
1945-05-01,0.32
1945-06-01,0.05
1945-07-01,0.23
1945-08-01,0.43
1945-09-01,-0.28
1945-10-01,0.09
1945-11-01,-0.03
1945-12-01,-0.07
1946-01-01,-0.07
1946-02-01,0.53
1946-03-01,0.22
1946-04-01,0.18
1946-05-01,0.21
1946-06-01,0.24
1946-07-01,-0.05
1946-08-01,0.03
1946-09-01,-0.14
1946-10-01,-0.37
1946-11-01,-0.16
1946-12-01,0.05
1947-01-01,0.25
1947-02-01,-0.02
1947-03-01,0.4
1947-04-01,0.54
1947-05-01,0.57
1947-06-01,0.12
1947-07-01,-0.08
1947-08-01,-0.31
1947-09-01,-0.06
1947-10-01,-0.46
1947-11-01,-0.08
1947-12-01,-0.15
1948-01-01,-0.13
1948-02-01,0.47
1948-03-01,0.28
1948-04-01,0.44
1948-05-01,0.22
1948-06-01,0.27
1948-07-01,0.12
1948-08-01,-0.02
1948-09-01,-0.3
1948-10-01,-0.14
1948-11-01,-0.58
1948-12-01,-0.23
1949-01-01,0.32
1949-02-01,0.64
1949-03-01,0.47
1949-04-01,0.28
1949-05-01,0.27
1949-06-01,0.28
1949-07-01,0.2
1949-08-01,0.11
1949-09-01,0.02
1949-10-01,-0.09
1949-11-01,-0.46
1949-12-01,0.19
1950-01-01,0.21
1950-02-01,0.28
1950-03-01,0.18
1950-04-01,0.78
1950-05-01,0.5
1950-06-01,0.41
1950-07-01,-0.08
1950-08-01,-0.16
1950-09-01,-0.19
1950-10-01,-0.04
1950-11-01,-0.23
1950-12-01,-0.01
1951-01-01,0.06
1951-02-01,0.77
1951-03-01,0.52
1951-04-01,0.67
1951-05-01,0.63
1951-06-01,0.32
1951-07-01,0.29
1951-08-01,-0.31
1951-09-01,0.24
1951-10-01,-0.03
1951-11-01,-0.27
1951-12-01,-0.09
1952-01-01,0.27
1952-02-01,0.1
1952-03-01,0.62
1952-04-01,0.31
1952-05-01,0.32
1952-06-01,0.29
1952-07-01,-0.04
1952-08-01,0.11
1952-09-01,-0.21
1952-10-01,0.11
1952-11-01,-0.06
1952-12-01,0.38
1953-01-01,0.32
1953-02-01,0.19
1953-03-01,0.54
1953-04-01,0.52
1953-05-01,0.58
1953-06-01,0.3
1953-07-01,0.25
1953-08-01,-0.12
1953-09-01,-0.3
1953-10-01,-0.24
1953-11-01,0.03
1953-12-01,-0.02
1954-01-01,0.34
1954-02-01,0.46
1954-03-01,0.48
1954-04-01,0.65
1954-05-01,0.22
1954-06-01,-0.54
1954-07-01,0.32
1954-08-01,0.15
1954-09-01,0.04
1954-10-01,-0.32
1954-11-01,0.37
1954-12-01,0.03
1955-01-01,0.02
1955-02-01,0.3
1955-03-01,0.32
1955-04-01,-0.1
1955-05-01,0.72
1955-06-01,-0.08
1955-07-01,0.33
1955-08-01,-0.12
1955-09-01,0.12
1955-10-01,0.24
1955-11-01,-0.17
1955-12-01,-0.16
1956-01-01,-0.1
1956-02-01,0.55
1956-03-01,0.57
1956-04-01,0.57
1956-05-01,0.78
1956-06-01,0.1
1956-07-01,0.54
1956-08-01,0.05
1956-09-01,0.27
1956-10-01,-0.22
1956-11-01,-0.04
1956-12-01,0.13
1957-01-01,0.13
1957-02-01,0.53
1957-03-01,0.57
1957-04-01,0.03
1957-05-01,0.75
1957-06-01,0.3
1957-07-01,0.3
1957-08-01,-0.09
1957-09-01,0.03
1957-10-01,-0.31
1957-11-01,-0.1
1957-12-01,0.02
1958-01-01,0.3
1958-02-01,0.66
1958-03-01,0.8
1958-04-01,0.58
1958-05-01,0.51
1958-06-01,0.5
1958-07-01,-0.15
1958-08-01,-0.11
1958-09-01,0.01
1958-10-01,-0.05
1958-11-01,-0.03
1958-12-01,0.11
1959-01-01,0.81
1959-02-01,0.31
1959-03-01,0.64
1959-04-01,0.51
1959-05-01,0.46
1959-06-01,0.41
1959-07-01,0.1
1959-08-01,0.04
1959-09-01,-0.12
1959-10-01,-0.11
1959-11-01,-0.11
1959-12-01,-0.04
1960-01-01,0.41
1960-02-01,0.36
1960-03-01,0.3
1960-04-01,0.61
1960-05-01,0.87
1960-06-01,0.34
1960-07-01,0.31
1960-08-01,0.35
1960-09-01,-0.18
1960-10-01,-0.41
1960-11-01,0.16
1960-12-01,0.38
1961-01-01,0.36
1961-02-01,0.39
1961-03-01,0.74
1961-04-01,0.64
1961-05-01,0.45
1961-06-01,0.63
1961-07-01,0.31
1961-08-01,0.25
1961-09-01,-0.02
1961-10-01,-0.2
1961-11-01,-0.07
1961-12-01,-0.1
1962-01-01,0.07
1962-02-01,0.15
1962-03-01,0.34
1962-04-01,0.87
1962-05-01,0.42
1962-06-01,0.6
1962-07-01,0.36
1962-08-01,0.03
1962-09-01,0.01
1962-10-01,-0.3
1962-11-01,-0.01
1962-12-01,0.26
1963-01-01,0.25
1963-02-01,0.3
1963-03-01,0.54
1963-04-01,0.57
1963-05-01,0.81
1963-06-01,0.65
1963-07-01,0.34
1963-08-01,0.2
1963-09-01,0.44
1963-10-01,0.07
1963-11-01,-0.13
1963-12-01,-0.04
1964-01-01,0.66
1964-02-01,0.44
1964-03-01,0.71
1964-04-01,0.57
1964-05-01,0.67
1964-06-01,0.41
1964-07-01,0.36
1964-08-01,0.06
1964-09-01,-0.16
1964-10-01,0.37
1964-11-01,0.11
1964-12-01,-0.2
1965-01-01,0.59
1965-02-01,0.34
1965-03-01,0.6
1965-04-01,0.49
1965-05-01,0.83
1965-06-01,0.54
1965-07-01,0.15
1965-08-01,0.22
1965-09-01,-0.3
1965-10-01,0.05
1965-11-01,-0.34
1965-12-01,-0.09
1966-01-01,0.53
1966-02-01,0.77
1966-03-01,0.94
1966-04-01,0.65
1966-05-01,0.55
1966-06-01,0.54
1966-07-01,0.48
1966-08-01,0.19
1966-09-01,-0.02
1966-10-01,0.29
1966-11-01,-0.02
1966-12-01,0.11
1967-01-01,0.3
1967-02-01,0.58
1967-03-01,0.59
1967-04-01,0.45
1967-05-01,0.47
1967-06-01,0.66
1967-07-01,0.51
1967-08-01,0.24
1967-09-01,0.2
1967-10-01,0.06
1967-11-01,-0.07
1967-12-01,0.2
1968-01-01,0.46
1968-02-01,0.22
1968-03-01,0.78
1968-04-01,0.74
1968-05-01,0.51
1968-06-01,0.4
1968-07-01,0.19
1968-08-01,0.26
1968-09-01,0.28
1968-10-01,-0.03
1968-11-01,-0.02
1968-12-01,0.11
1969-01-01,0.39
1969-02-01,0.53
1969-03-01,0.67
1969-04-01,0.45
1969-05-01,0.67
1969-06-01,0.35
1969-07-01,0.04
1969-08-01,0.46
1969-09-01,0.12
1969-10-01,0.02
1969-11-01,0.2
1969-12-01,-0.01
1970-01-01,0.64
1970-02-01,0.71
1970-03-01,0.66
1970-04-01,0.68
1970-05-01,0.35
1970-06-01,0.7
1970-07-01,0.26
1970-08-01,0.01
1970-09-01,-0.05
1970-10-01,0.09
1970-11-01,0.29
1970-12-01,0.12
1971-01-01,0.52
1971-02-01,0.57
1971-03-01,0.67
1971-04-01,0.5
1971-05-01,0.58
1971-06-01,0.7
1971-07-01,0.46
1971-08-01,-0.03
1971-09-01,-0.08
1971-10-01,0.14
1971-11-01,0.04
1971-12-01,0.46
1972-01-01,0.66
1972-02-01,0.43
1972-03-01,0.74
1972-04-01,0.24
1972-05-01,0.7
1972-06-01,0.51
1972-07-01,0.41
1972-08-01,0.65
1972-09-01,0.32
1972-10-01,-0.18
1972-11-01,-0.07
1972-12-01,0.14
1973-01-01,0.47
1973-02-01,0.61
1973-03-01,0.42
1973-04-01,0.6
1973-05-01,0.49
1973-06-01,0.68
1973-07-01,0.19
1973-08-01,0.35
1973-09-01,0.01
1973-10-01,-0.19
1973-11-01,-0.01
1973-12-01,-0.06
1974-01-01,0.51
1974-02-01,0.63
1974-03-01,0.58
1974-04-01,1.12
1974-05-01,0.59
1974-06-01,0.43
1974-07-01,0.14
1974-08-01,0.04
1974-09-01,0.24
1974-10-01,0.34
1974-11-01,0.07
1974-12-01,0.56
1975-01-01,0.35
1975-02-01,0.97
1975-03-01,1.06
1975-04-01,0.85
1975-05-01,0.78
1975-06-01,0.58
1975-07-01,0.18
1975-08-01,0.58
1975-09-01,-0.05
1975-10-01,-0.11
1975-11-01,0.2
1975-12-01,0.2
1976-01-01,0.72
1976-02-01,0.36
1976-03-01,0.63
1976-04-01,0.72
1976-05-01,0.63
1976-06-01,0.39
1976-07-01,0.4
1976-08-01,0.29
1976-09-01,0.14
1976-10-01,0.1
1976-11-01,-0.1
1976-12-01,0.46
1977-01-01,0.35
1977-02-01,0.56
1977-03-01,0.93
1977-04-01,0.51
1977-05-01,0.92
1977-06-01,0.48
1977-07-01,0.66
1977-08-01,0.3
1977-09-01,0.05
1977-10-01,0.19
1977-11-01,-0.12
1977-12-01,0.23
1978-01-01,0.24
1978-02-01,0.46
1978-03-01,0.85
1978-04-01,0.82
1978-05-01,0.77
1978-06-01,0.72
1978-07-01,0.57
1978-08-01,0.25
1978-09-01,0.12
1978-10-01,0.39
1978-11-01,0.15
1978-12-01,0.62
1979-01-01,0.24
1979-02-01,0.79
1979-03-01,0.91
1979-04-01,0.88
1979-05-01,0.79
1979-06-01,0.75
1979-07-01,0.33
1979-08-01,0.2
1979-09-01,0.57
1979-10-01,0.4
1979-11-01,0.31
1979-12-01,0.25
1980-01-01,0.54
1980-02-01,0.52
1980-03-01,0.59
1980-04-01,0.82
1980-05-01,0.58
1980-06-01,1.07
1980-07-01,0.42
1980-08-01,0.29
1980-09-01,-0.02
1980-10-01,0.52
1980-11-01,-0.5
1980-12-01,0.24
1981-01-01,0.28
1981-02-01,0.42
1981-03-01,1.07
1981-04-01,0.78
1981-05-01,1.21
1981-06-01,0.63
1981-07-01,0.21
1981-08-01,0.47
1981-09-01,0.41
1981-10-01,0.18
1981-11-01,0.28
1981-12-01,0.31
1982-01-01,0.31
1982-02-01,1.13
1982-03-01,0.79
1982-04-01,0.74
1982-05-01,0.69
1982-06-01,0.69
1982-07-01,0.93
1982-08-01,0.63
1982-09-01,0.21
1982-10-01,-0.17
1982-11-01,0.08
1982-12-01,0.1
1983-01-01,0.52
1983-02-01,0.77
1983-03-01,0.87
1983-04-01,0.43
1983-05-01,0.62
1983-06-01,0.65
1983-07-01,0.67
1983-08-01,0.32
1983-09-01,0.33
1983-10-01,0.25
1983-11-01,0.35
1983-12-01,0.22
1984-01-01,0.57
1984-02-01,0.86
1984-03-01,0.9
1984-04-01,1.09
1984-05-01,1.03
1984-06-01,0.57
1984-07-01,0.54
1984-08-01,0.22
1984-09-01,-0.14
1984-10-01,0.21
1984-11-01,0.12
1984-12-01,0.28
1985-01-01,0.23
1985-02-01,0.46
1985-03-01,1.03
1985-04-01,0.47
1985-05-01,0.83
1985-06-01,0.45
1985-07-01,0.43
1985-08-01,0.41
1985-09-01,0.71
1985-10-01,0.02
1985-11-01,0.18
1985-12-01,0.15
1986-01-01,0.43
1986-02-01,0.91
1986-03-01,0.64
1986-04-01,0.63
1986-05-01,0.72
1986-06-01,0.55
1986-07-01,0.75
1986-08-01,0.43
1986-09-01,0.49
1986-10-01,0.45
1986-11-01,0.23
1986-12-01,0.65
1987-01-01,0.6
1987-02-01,1.02
1987-03-01,0.83
1987-04-01,1.16
1987-05-01,0.95
1987-06-01,1.16
1987-07-01,0.66
1987-08-01,0.32
1987-09-01,0.5
1987-10-01,0.13
1987-11-01,0.38
1987-12-01,0.59
1988-01-01,0.26
1988-02-01,1.05
1988-03-01,0.75
1988-04-01,0.95
1988-05-01,0.76
1988-06-01,0.5
1988-07-01,0.87
1988-08-01,0.54
1988-09-01,0.35
1988-10-01,0.23
1988-11-01,0.25
1988-12-01,0.48
1989-01-01,0.4
1989-02-01,0.69
1989-03-01,0.75
1989-04-01,0.78
1989-05-01,0.67
1989-06-01,0.61
1989-07-01,0.57
1989-08-01,0.19
1989-09-01,0.25
1989-10-01,0.21
1989-11-01,0.54
1989-12-01,0.55
1990-01-01,0.32
1990-02-01,0.49
1990-03-01,0.68
1990-04-01,0.95
1990-05-01,1.01
1990-06-01,0.45
1990-07-01,0.33
1990-08-01,0.49
1990-09-01,0.23
1990-10-01,0.0
1990-11-01,0.44
1990-12-01,0.43
1991-01-01,0.45
1991-02-01,0.59
1991-03-01,0.66
1991-04-01,0.7
1991-05-01,0.84
1991-06-01,0.72
1991-07-01,0.17
1991-08-01,0.34
1991-09-01,0.38
1991-10-01,0.44
1991-11-01,0.48
1991-12-01,0.69
1992-01-01,0.59
1992-02-01,0.87
1992-03-01,0.8
1992-04-01,0.95
1992-05-01,0.9
1992-06-01,0.62
1992-07-01,0.6
1992-08-01,0.01
1992-09-01,0.19
1992-10-01,-0.03
1992-11-01,0.36
1992-12-01,0.25
1993-01-01,0.7
1993-02-01,0.85
1993-03-01,1.01
1993-04-01,1.13
1993-05-01,0.63
1993-06-01,0.52
1993-07-01,0.36
1993-08-01,0.37
1993-09-01,0.44
1993-10-01,0.54
1993-11-01,0.44
1993-12-01,0.66
1994-01-01,0.75
1994-02-01,0.71
1994-03-01,0.91
1994-04-01,0.69
1994-05-01,1.22
1994-06-01,0.81
1994-07-01,0.69
1994-08-01,0.39
1994-09-01,0.4
1994-10-01,0.16
1994-11-01,0.26
1994-12-01,0.83
1995-01-01,0.62
1995-02-01,0.78
1995-03-01,1.05
1995-04-01,0.99
1995-05-01,1.14
1995-06-01,0.96
1995-07-01,0.68
1995-08-01,0.5
1995-09-01,0.38
1995-10-01,0.35
1995-11-01,0.5
1995-12-01,0.36
1996-01-01,0.33
1996-02-01,0.97
1996-03-01,0.56
1996-04-01,1.1
1996-05-01,0.73
1996-06-01,0.91
1996-07-01,0.65
1996-08-01,0.43
1996-09-01,0.42
1996-10-01,0.41
1996-11-01,1.06
1996-12-01,0.57
1997-01-01,0.77
1997-02-01,0.73
1997-03-01,0.71
1997-04-01,0.63
1997-05-01,0.93
1997-06-01,0.82
1997-07-01,0.88
1997-08-01,0.6
1997-09-01,0.11
1997-10-01,0.4
1997-11-01,0.66
1997-12-01,0.64
1998-01-01,0.48
1998-02-01,0.39
1998-03-01,0.74
1998-04-01,0.78
1998-05-01,1.16
1998-06-01,0.4
1998-07-01,0.6
1998-08-01,0.38
1998-09-01,0.16
1998-10-01,0.42
1998-11-01,0.52
1998-12-01,0.61
1999-01-01,0.48
1999-02-01,0.91
1999-03-01,1.02
1999-04-01,0.53
1999-05-01,1.11
1999-06-01,0.77
1999-07-01,0.44
1999-08-01,0.71
1999-09-01,0.39
1999-10-01,0.43
1999-11-01,0.47
1999-12-01,0.71
2000-01-01,0.58
2000-02-01,0.61
2000-03-01,0.52
2000-04-01,0.93
2000-05-01,0.86
2000-06-01,1.04
2000-07-01,0.73
2000-08-01,0.24
2000-09-01,0.44
2000-10-01,0.25
2000-11-01,0.49
2000-12-01,0.35
2001-01-01,0.61
2001-02-01,0.39
2001-03-01,0.89
2001-04-01,0.82
2001-05-01,0.91
2001-06-01,1.1
2001-07-01,0.71
2001-08-01,0.4
2001-09-01,0.73
2001-10-01,0.55
2001-11-01,0.66
2001-12-01,0.17
2002-01-01,0.95
2002-02-01,0.7
2002-03-01,0.99
2002-04-01,1.33
2002-05-01,1.03
2002-06-01,0.55
2002-07-01,0.6
2002-08-01,0.69
2002-09-01,0.51
2002-10-01,0.14
2002-11-01,0.79
2002-12-01,0.47
2003-01-01,0.67
2003-02-01,0.67
2003-03-01,1.03
2003-04-01,0.94
2003-05-01,0.8
2003-06-01,0.7
2003-07-01,0.55
2003-08-01,0.61
2003-09-01,0.65
2003-10-01,0.32
2003-11-01,0.46
2003-12-01,0.41
2004-01-01,0.37
2004-02-01,0.79
2004-03-01,0.95
2004-04-01,1.23
2004-05-01,0.5
2004-06-01,0.91
2004-07-01,0.73
2004-08-01,0.38
2004-09-01,0.46
2004-10-01,0.43
2004-11-01,0.5
2004-12-01,0.57
2005-01-01,0.81
2005-02-01,0.94
2005-03-01,0.57
2005-04-01,1.34
2005-05-01,0.94
2005-06-01,0.83
2005-07-01,0.71
2005-08-01,0.35
2005-09-01,0.63
2005-10-01,0.63
2005-11-01,0.77
2005-12-01,0.94
2006-01-01,1.01
2006-02-01,0.71
2006-03-01,0.57
2006-04-01,0.94
2006-05-01,0.93
2006-06-01,0.86
2006-07-01,0.71
2006-08-01,0.33
2006-09-01,0.38
2006-10-01,0.53
2006-11-01,0.53
2006-12-01,0.84
2007-01-01,0.71
2007-02-01,0.54
2007-03-01,1.2
2007-04-01,1.01
2007-05-01,0.62
2007-06-01,1.11
2007-07-01,0.86
2007-08-01,0.27
2007-09-01,0.48
2007-10-01,0.42
2007-11-01,0.8
2007-12-01,0.68
2008-01-01,0.94
2008-02-01,0.95
2008-03-01,1.18
2008-04-01,0.91
2008-05-01,0.91
2008-06-01,0.81
2008-07-01,1.11
2008-08-01,0.51
2008-09-01,0.42
2008-10-01,0.33
2008-11-01,0.46
2008-12-01,0.79
2009-01-01,0.96
2009-02-01,0.98
2009-03-01,0.99
2009-04-01,1.03
2009-05-01,0.9
2009-06-01,0.51
2009-07-01,0.55
2009-08-01,0.76
2009-09-01,0.74
2009-10-01,0.11
2009-11-01,0.55
2009-12-01,0.19
2010-01-01,0.78
2010-02-01,1.05
2010-03-01,0.85
2010-04-01,1.1
2010-05-01,1.01
2010-06-01,1.07
2010-07-01,0.88
2010-08-01,0.49
2010-09-01,0.57
2010-10-01,0.07
2010-11-01,0.8
2010-12-01,0.4
2011-01-01,0.58
2011-02-01,1.04
2011-03-01,0.73
2011-04-01,0.97
2011-05-01,1.25
2011-06-01,0.97
2011-07-01,0.67
2011-08-01,0.63
2011-09-01,0.64
2011-10-01,0.35
2011-11-01,0.28
2011-12-01,0.18
2012-01-01,0.49
2012-02-01,0.77
2012-03-01,0.73
2012-04-01,1.2
2012-05-01,1.29
2012-06-01,0.46
2012-07-01,0.54
2012-08-01,0.8
2012-09-01,0.39
2012-10-01,0.59
2012-11-01,0.19
2012-12-01,0.5
2013-01-01,0.83
2013-02-01,0.53
2013-03-01,1.16
2013-04-01,1.25
2013-05-01,1.25
2013-06-01,0.8
2013-07-01,0.82
2013-08-01,0.88
2013-09-01,0.46
2013-10-01,0.65
2013-11-01,0.59
2013-12-01,1.07
2014-01-01,0.52
2014-02-01,1.31
2014-03-01,1.06
2014-04-01,1.05
2014-05-01,1.11
2014-06-01,1.1
2014-07-01,0.85
2014-08-01,0.64
2014-09-01,0.44
2014-10-01,0.49
2014-11-01,0.17
2014-12-01,0.58
2015-01-01,1.02
2015-02-01,0.53
2015-03-01,1.25
2015-04-01,1.1
2015-05-01,1.59
2015-06-01,1.12
2015-07-01,0.71
2015-08-01,0.72
2015-09-01,0.38
2015-10-01,0.72
2015-11-01,0.64
2015-12-01,0.66
2016-01-01,1.03
2016-02-01,1.26
2016-03-01,1.1
2016-04-01,1.3
2016-05-01,1.38
2016-06-01,0.94
2016-07-01,0.65
2016-08-01,0.87
2016-09-01,0.97
2016-10-01,0.24
2016-11-01,0.67
2016-12-01,0.92
2017-01-01,0.82
2017-02-01,1.01
2017-03-01,1.28
2017-04-01,1.05
2017-05-01,1.08
2017-06-01,1.03
2017-07-01,0.8
2017-08-01,0.42
2017-09-01,0.59
2017-10-01,0.57
2017-11-01,0.45
2017-12-01,0.31
2018-01-01,0.69
2018-02-01,1.18
2018-03-01,1.03
2018-04-01,0.83
2018-05-01,1.04
2018-06-01,0.89
2018-07-01,1.0
2018-08-01,0.47
2018-09-01,0.57
2018-10-01,0.75
2018-11-01,0.57
2018-12-01,0.81
2019-01-01,0.82
2019-02-01,0.81
2019-03-01,0.96
2019-04-01,1.14
2019-05-01,0.64
2019-06-01,0.71
2019-07-01,0.86
2019-08-01,0.52
2019-09-01,0.76
2019-10-01,0.71
2019-11-01,0.52
2019-12-01,0.65
2020-01-01,0.65
2020-02-01,1.04
2020-03-01,1.11
2020-04-01,1.09
2020-05-01,1.14
2020-06-01,1.25
2020-07-01,0.73
2020-08-01,0.37
2020-09-01,0.22
2020-10-01,-0.03
2020-11-01,0.61
2020-12-01,0.43
2021-01-01,0.68
2021-02-01,0.91
2021-03-01,1.15
2021-04-01,1.18
2021-05-01,0.92
2021-06-01,0.86
2021-07-01,0.85
2021-08-01,1.33
2021-09-01,0.47
2021-10-01,0.34
2021-11-01,0.62
2021-12-01,0.78
2022-01-01,1.2
2022-02-01,0.73
2022-03-01,1.03
2022-04-01,0.99
2022-05-01,1.32
2022-06-01,1.28
2022-07-01,1.02
2022-08-01,0.74
2022-09-01,0.81
2022-10-01,0.32
2022-11-01,0.44
2022-12-01,0.53
2023-01-01,1.17
2023-02-01,0.95
2023-03-01,1.02
2023-04-01,1.22
2023-05-01,1.2
2023-06-01,1.22
2023-07-01,1.15
2023-08-01,0.62
2023-09-01,0.5
2023-10-01,0.44
2023-11-01,0.31
2023-12-01,0.85
